{"aec_only_loss": [0.01173797839631637, 0.027610506241520245, 0.00014843088865745813], "full_init_loss": [0.04317556445797285, 0.08332417408625285, 0.04019251341621081], "learn_rates": [1.0314867736265839e-05, 4.8369343927520454e-06, 0.0007529500241904255], "best_lr": 0.0007529500241904255, "best_model_idc": 2.0}