{"aec_only_loss": [1.1502915657028249e-08, 0.00044822793764372665, 0.0005113308240349094, 0.00043355463033852476, 0.0032791045183936753, 0.00014292834869896373, 3.046506435566698e-06, 0.0002479573789363106, 0.000816975060539941, 0.0007689555253212651, 0.0005109246994834393, 0.001149451166080932, 0.0006509877663726608, 0.00302524003200233, 4.880858008012486e-05, 0.00014560520260905227, 0.001159391967424502, 9.199663569840293e-05, 0.0003442598972469568, 0.00011710269609466195], "full_init_loss": [0.027371296659111977, 0.02822364370028178, 0.0036992272362113, 0.00408765176932017, 0.029278724143902462, 0.0005877709481865168, 0.01788042423625787, 0.02249632092813651, 0.02941696469982465, 0.022975352903207142, 0.019387041218578815, 0.0181651059538126, 0.016354745874802273, 0.0016867013570542138, 0.007943499367684126, 0.023321044941743214, 0.002669070614501834, 0.003576502980043491, 0.02333910142381986, 0.002420846683283647], "learn_rates": [7.115886271083766e-06, 5.117152265959813e-06, 2.306860145735205e-05, 2.9448623597089697e-05, 2.0526872578013932e-06, 0.00020708957764861436, 1.0592273846529584e-05, 6.470925633544837e-06, 2.008740243822318e-06, 5.3347621058284035e-06, 2.4401706012692596e-05, 5.115328824068532e-06, 2.12604232478512e-05, 0.00040424768215575554, 3.878402921046848e-05, 5.629123996019924e-06, 0.00020373171149508997, 6.437896915395616e-05, 3.068683671588001e-06, 0.00012745213006292984], "best_lr": 0.00020708957764861436, "best_model_idc": 5.0}