{"loss": [1.5201940536499023, 1.8957054615020752, 0.9388464093208313, 0.5671484470367432, 0.5261135101318359, 0.6660318970680237, 0.40488460659980774, 0.4909600019454956, 0.38241034746170044, 0.32449960708618164, 0.3039241433143616, 0.29124802350997925, 0.22313469648361206, 0.21141013503074646, 0.1920488476753235, 0.1887625753879547, 0.17947733402252197, 0.27469345927238464, 0.23349906504154205, 0.2134508639574051, 0.1713344156742096, 0.1770719289779663, 0.17012402415275574, 0.1528310775756836, 0.13477976620197296, 0.13369999825954437, 0.10298938304185867, 0.10086806863546371, 0.16391663253307343, 0.15957319736480713, 0.1209590807557106, 0.17065420746803284, 0.16311094164848328, 0.09577631205320358, 0.08683808147907257, 0.0874587669968605, 0.08491264283657074, 0.1077943667769432, 0.13141576945781708, 0.09470625966787338, 0.07395178824663162, 0.07272397726774216, 0.07349366694688797, 0.07167434692382812, 0.07831680774688721, 0.08586172014474869, 0.0882626473903656, 0.15936683118343353, 0.22905169427394867, 0.4228012263774872], "output_1_loss": [0.10132944583892822, 0.09353363513946533, 0.045848630368709564, 0.026195049285888672, 0.026557736098766327, 0.03475065156817436, 0.016899293288588524, 0.02276562713086605, 0.017284801229834557, 0.014297940768301487, 0.013491752557456493, 0.01696295104920864, 0.009988215751945972, 0.01062148716300726, 0.008481388911604881, 0.008654946461319923, 0.007795512676239014, 0.015232156962156296, 0.010968117043375969, 0.009904627688229084, 0.009553077630698681, 0.008983255364000797, 0.008267260156571865, 0.007760073523968458, 0.006861603353172541, 0.00705923093482852, 0.0049002207815647125, 0.004865838214755058, 0.009130934253334999, 0.009168424643576145, 0.005751441232860088, 0.007132858969271183, 0.010227219201624393, 0.005372629500925541, 0.004309242591261864, 0.0038070352748036385, 0.0039212703704833984, 0.005495479796081781, 0.007983525283634663, 0.005419392604380846, 0.003698656102642417, 0.0035653875675052404, 0.0032939836382865906, 0.003447753842920065, 0.003968500532209873, 0.004335177130997181, 0.003947389777749777, 0.011983162723481655, 0.019653543829917908, 0.033081889152526855], "output_2_loss": [0.010824231430888176, 0.011457503773272038, 0.008169354870915413, 0.006146632134914398, 0.005830017384141684, 0.006357761099934578, 0.005194752011448145, 0.005674750078469515, 0.004912428557872772, 0.004452703054994345, 0.004409136716276407, 0.004505720920860767, 0.0038519541267305613, 0.0036805588752031326, 0.0035892853047698736, 0.003401421708986163, 0.0032197176478803158, 0.0039705196395516396, 0.003431253833696246, 0.003415907733142376, 0.0030452972277998924, 0.003092715749517083, 0.002960086101666093, 0.002723817015066743, 0.002517258282750845, 0.0025814720429480076, 0.0022886134684085846, 0.0021446864120662212, 0.0027282503433525562, 0.0026384859811514616, 0.0023617020342499018, 0.00260995258577168, 0.002683794591575861, 0.0020852440502494574, 0.0019979376811534166, 0.0018801825353875756, 0.0018752102041617036, 0.0021597964223474264, 0.0025170445442199707, 0.00196243217214942, 0.0018231322756037116, 0.0016592622268944979, 0.0016427369555458426, 0.0015621111961081624, 0.0016976904589682817, 0.001861338154412806, 0.0017739319009706378, 0.0033973781391978264, 0.004784842021763325, 0.007173091173171997], "output_3_loss": [0.03883624076843262, 0.038017936050891876, 0.03199264034628868, 0.02843770943582058, 0.026508785784244537, 0.026908205822110176, 0.024150829762220383, 0.023268423974514008, 0.02146465703845024, 0.020694687962532043, 0.019777566194534302, 0.020066754892468452, 0.018160492181777954, 0.017194638028740883, 0.018075212836265564, 0.01645646058022976, 0.015251757577061653, 0.01642993465065956, 0.015318799763917923, 0.01544499397277832, 0.013844875618815422, 0.013994044624269009, 0.01363089308142662, 0.01290359627455473, 0.012492382898926735, 0.013297832570970058, 0.012473071925342083, 0.011459135450422764, 0.012595643289387226, 0.01186742726713419, 0.011485223658382893, 0.010944938287138939, 0.01189204677939415, 0.010928974486887455, 0.011847437359392643, 0.010692774318158627, 0.01027734950184822, 0.010367454960942268, 0.01123110018670559, 0.009785765781998634, 0.011742420494556427, 0.01008839812129736, 0.009864374063909054, 0.009351267479360104, 0.009408831596374512, 0.010272136889398098, 0.009300642646849155, 0.010817062109708786, 0.010894873179495335, 0.01370932161808014], "output_4_loss": [1.3667798042297363, 1.750292181968689, 0.8504419922828674, 0.5039815306663513, 0.4648309350013733, 0.5956264138221741, 0.3562476933002472, 0.4368549585342407, 0.33634841442108154, 0.2826509177684784, 0.26383891701698303, 0.24730148911476135, 0.18871919810771942, 0.17749470472335815, 0.15948118269443512, 0.1578243374824524, 0.15078146755695343, 0.23662789165973663, 0.2013443410396576, 0.18224415183067322, 0.14244744181632996, 0.14855508506298065, 0.1428159773349762, 0.12699048221111298, 0.1104523316025734, 0.10830279439687729, 0.08086665719747543, 0.07993532717227936, 0.13699597120285034, 0.1334294080734253, 0.09888813644647598, 0.1474916636943817, 0.13583000004291534, 0.07490911334753036, 0.06620104610919952, 0.0685947835445404, 0.06635266542434692, 0.08728321641683578, 0.10719259828329086, 0.0750446617603302, 0.05419193580746651, 0.05491362139582634, 0.05619293451309204, 0.054811861366033554, 0.06073930114507675, 0.06688868254423141, 0.07073377817869186, 0.13065668940544128, 0.19120049476623535, 0.36630600690841675], "val_loss": [2.3246991634368896, 1.8852617740631104, 1.0036041736602783, 0.7793095707893372, 1.1796636581420898, 0.5541934370994568, 0.8258541822433472, 0.7167673110961914, 0.5463994741439819, 0.4815995693206787, 0.39667829871177673, 0.31765511631965637, 0.26783785223960876, 0.28225329518318176, 0.29152610898017883, 0.23640064895153046, 0.3886341452598572, 0.3144150972366333, 0.5213495492935181, 0.34392133355140686, 0.24696947634220123, 0.26285818219184875, 0.24566718935966492, 0.21526360511779785, 0.19580551981925964, 0.14422941207885742, 0.12839189171791077, 0.19306570291519165, 0.3761066496372223, 0.17173321545124054, 0.2081918716430664, 0.23155362904071808, 0.12166804820299149, 0.12838615477085114, 0.1234348714351654, 0.119883231818676, 0.1222047284245491, 0.1658659726381302, 0.13670198619365692, 0.12427105754613876, 0.08574990928173065, 0.09739206731319427, 0.09520509839057922, 0.10722482949495316, 0.1200951635837555, 0.16213420033454895, 0.23336154222488403, 0.2848983108997345, 0.6524631977081299, 1.1952488422393799], "val_output_1_loss": [0.05553488805890083, 0.044068168848752975, 0.03857807442545891, 0.050094667822122574, 0.039051998406648636, 0.011849845759570599, 0.04245268926024437, 0.052795715630054474, 0.018054815009236336, 0.011298362165689468, 0.009281019680202007, 0.008267279714345932, 0.014422088861465454, 0.006177713628858328, 0.014683086425065994, 0.007523859851062298, 0.020056793466210365, 0.005475262179970741, 0.026267023757100105, 0.016589326784014702, 0.0067238458432257175, 0.010462995618581772, 0.009098558686673641, 0.006360792089253664, 0.004793455358594656, 0.005481012165546417, 0.005622733384370804, 0.004865662660449743, 0.016146162524819374, 0.006174928974360228, 0.006744729820638895, 0.013078768737614155, 0.003401990747079253, 0.00768493814393878, 0.003563113044947386, 0.005514978431165218, 0.0023062184918671846, 0.008961754851043224, 0.004668660927563906, 0.006380810867995024, 0.0025951212737709284, 0.0035074218176305294, 0.0022534956224262714, 0.0026396072935312986, 0.0037066866643726826, 0.008219290524721146, 0.014675489626824856, 0.00521462457254529, 0.028069162741303444, 0.10738608241081238],