{"full_hist": [{"loss": [111.57184600830078, 10.594371795654297, 4.4140944480896, 4.223380088806152, 2.5019941329956055, 2.2234110832214355, 2.026834011077881, 1.7581888437271118, 1.642536997795105, 1.7457306385040283], "output_1_loss": [0.2858332395553589, 0.2966022193431854, 0.2076072096824646, 0.23445101082324982, 0.13351525366306305, 0.11300932615995407, 0.11639668792486191, 0.10267317295074463, 0.10000637173652649, 0.11823961138725281], "output_2_loss": [0.03375915437936783, 0.031985919922590256, 0.022731009870767593, 0.01884286105632782, 0.012373087927699089, 0.011034561321139336, 0.010669083334505558, 0.008932135999202728, 0.008659669198095798, 0.008947842754423618], "output_3_loss": [0.8449241518974304, 0.31782445311546326, 0.12768903374671936, 0.07594656199216843, 0.05227937921881676, 0.044421881437301636, 0.03973916545510292, 0.03651047497987747, 0.03537055104970932, 0.03471137583255768], "output_4_loss": [108.26319122314453, 8.84217357635498, 3.283505439758301, 3.1947920322418213, 1.7344505786895752, 1.549574613571167, 1.4220362901687622, 1.237728238105774, 1.1734925508499146, 1.2869004011154175], "val_loss": [24.272977828979492, 6.6136088371276855, 6.416880130767822, 3.8129398822784424, 3.0264203548431396, 2.3039562702178955, 2.2674312591552734, 3.3005127906799316, 2.210573434829712, 2.4356446266174316], "val_output_1_loss": [0.3865175247192383, 0.17307066917419434, 0.5093073844909668, 0.14039821922779083, 0.27593913674354553, 0.13771866261959076, 0.06037120893597603, 0.14413666725158691, 0.13418759405612946, 0.06709029525518417], "val_output_2_loss": [0.034555479884147644, 0.03084782510995865, 0.02291039749979973, 0.016912901774048805, 0.013639453798532486, 0.011393333785235882, 0.010117909871041775, 0.01095779798924923, 0.012163710780441761, 0.008369487710297108], "val_output_3_loss": [0.5026842951774597, 0.20200888812541962, 0.08714888244867325, 0.06108901649713516, 0.054362524300813675, 0.043208666145801544, 0.04072875529527664, 0.04247076436877251, 0.04295622929930687, 0.035342197865247726], "val_output_4_loss": [21.774131774902344, 5.356978893280029, 5.1517720222473145, 2.998020648956299, 2.1484007835388184, 1.668140172958374, 1.7656381130218506, 2.7353718280792236, 1.7161239385604858, 2.0612874031066895]}, {"loss": [371.73370361328125, 90.24711608886719, 38.41139221191406, 23.428964614868164, 15.277909278869629, 10.439205169677734, 7.242151737213135, 5.2317352294921875, 3.984200954437256, 3.225022792816162], "output_1_loss": [0.07607289403676987, 0.18451561033725739, 0.2581222951412201, 0.29307177662849426, 0.22307658195495605, 0.17147459089756012, 0.14945678412914276, 0.1445804238319397, 0.12887753546237946, 0.1138308048248291], "output_2_loss": [0.014797281473875046, 0.02946437895298004, 0.026995137333869934, 0.027070924639701843, 0.025212952867150307, 0.025086507201194763, 0.024339085444808006, 0.02384577877819538, 0.02211770787835121, 0.020402442663908005], "output_3_loss": [1.1142810583114624, 0.8759030103683472, 0.6585498452186584, 0.5085150599479675, 0.39858701825141907, 0.3247009217739105, 0.26612403988838196, 0.21838082373142242, 0.17973341047763824, 0.1525515913963318], "output_4_loss": [368.2265625, 86.91617584228516, 35.40346908569336, 20.941190719604492, 13.391203880310059, 8.94404125213623, 5.976119041442871, 4.125250816345215, 3.008326530456543, 2.3540658950805664], "val_loss": [175.45779418945312, 69.01530456542969, 42.16307067871094, 28.443126678466797, 19.485191345214844, 12.663946151733398, 8.766130447387695, 6.019735813140869, 4.523265838623047, 3.86869740486145], "val_output_1_loss": [0.14738093316555023, 0.22417199611663818, 0.30177125334739685, 0.26564323902130127, 0.22072580456733704, 0.14910216629505157, 0.15590575337409973, 0.1197504848241806, 0.1314581036567688, 0.17346855998039246], "val_output_2_loss": [0.022473730146884918, 0.030975108966231346, 0.028429368510842323, 0.02883240394294262, 0.02816394902765751, 0.027554716914892197, 0.02773447521030903, 0.02661368064582348, 0.024669349193572998, 0.02315601333975792], "val_output_3_loss": [1.0559498071670532, 0.7148240208625793, 0.582797646522522, 0.4529203772544861, 0.3726317584514618, 0.30611056089401245, 0.2539918124675751, 0.2107318937778473, 0.1749761998653412, 0.15162892639636993], "val_output_4_loss": [171.96763610839844, 65.85836029052734, 39.34928512573242, 26.269485473632812, 17.77284812927246, 11.29023265838623, 7.565055847167969, 4.981499671936035, 3.5782928466796875, 2.9577794075012207]}], "aec_hist": [{"loss": [0.010163487866520882, 0.0028156647458672523, 0.002547277370467782, 0.0023944757413119078, 0.002282716566696763], "output_1_loss": [0.0029141271952539682, 0.00011474158964119852, 5.8424731832928956e-05, 3.5810047847917303e-05, 2.4089338694466278e-05], "output_2_loss": [0.004735263530164957, 0.000271376600721851, 0.00014348403783515096, 9.124039206653833e-05, 6.299536471487954e-05], "output_3_loss": [0.0, 0.0, 0.0, 0.0, 0.0], "output_4_loss": [0.0, 0.0, 0.0, 0.0, 0.0], "val_loss": [0.003099815919995308, 0.0026904360856860876, 0.002486497862264514, 0.002354525960981846, 0.0022525836247950792], "val_output_1_loss": [0.0001803309132810682, 8.241102477768436e-05, 4.8032525228336453e-05, 3.297576404293068e-05, 2.5154729883070104e-05], "val_output_2_loss": [0.00044731408706866205, 0.0002220060705440119, 0.00013369845692068338, 9.141810733126476e-05, 6.640731589868665e-05], "val_output_3_loss": [0.0, 0.0, 0.0, 0.0, 0.0], "val_output_4_loss": [0.0, 0.0, 0.0, 0.0, 0.0]}, {"loss": [0.03444219008088112, 0.005509261507540941, 0.004128547850996256, 0.003584004705771804, 0.0032787336967885494], "output_1_loss": [0.01901901327073574, 0.0013675473164767027, 0.0006915847188793123, 0.0004551481979433447, 0.0003320962714497], "output_2_loss": [0.012881656177341938, 0.0016185776330530643, 0.0009322796249762177, 0.0006428298074752092, 0.00047931226436048746], "output_3_loss": [0.0, 0.0, 0.0, 0.0, 0.0], "output_4_loss": [0.0, 0.0, 0.0, 0.0, 0.0], "val_loss": [0.00728154880926013, 0.004723886027932167, 0.003927883692085743, 0.0035190086346119642, 0.0032637789845466614], "val_output_1_loss": [0.002272461773827672, 0.0009300319361500442, 0.0005754175945185125, 0.00040533600258640945, 0.0003080709429923445], "val_output_2_loss": [0.002477004425600171, 0.0012800010154023767, 0.0008572106598876417, 0.0006371259805746377, 0.00049782101996243], "val_output_3_loss": [0.0, 0.0, 0.0, 0.0, 0.0], "val_output_4_loss": [0.0, 0.0, 0.0, 0.0, 0.0]}], "lr": [0.0004191751079441431, 7.491301599768536e-05], "best_loss": [2.212338447570801, 3.870863914489746], "model_path": ["../model_weights/S1-NLSL1-Expt1-L128-a/model_0", "../model_weights/S1-NLSL1-Expt1-L128-a/model_1"]}