{"aec_only_loss": [0.07708999162435405, 0.0005391033858741291, 0.000509702831323675, 0.0005505193346242417, 0.006536124274988645, 0.003869665789569413, 0.0038535423022667352, 0.006170562501548907, 0.002764692323871313, 0.0014420517029789942, 0.004910892871677602, 0.002174777928117231, 0.0016411795467431093, 0.002647506989259391, 0.004088601643454948, 0.013829033926707418, 0.013775147818186064, 0.0030539175771228124, 0.013529976538721773, 0.0033784920960037036], "full_init_loss": [0.1262719828237521, 0.002017948981175466, 0.001814568542941021, 0.0021452932297764873, 0.02594764057461244, 0.009948453626979777, 0.014815879434244532, 0.01362403724503626, 0.008592408616792932, 0.0073674961784634925, 0.017882012477169276, 0.005681709407950261, 0.006634795574212155, 0.017067767305670386, 0.014383069410811666, 0.01973648776629097, 0.01627761844190196, 0.007192385671361226, 0.035914142216138256, 0.015094094837433127], "learn_rates": [1.012461136345173e-06, 0.0004490465343292862, 0.00040169155729409154, 0.0006170124643860319, 1.053923468118498e-05, 5.719667326871036e-05, 2.854459061158257e-05, 1.3051463902563476e-05, 9.531343897241e-05, 0.00012107075453493089, 1.2548426738269313e-05, 0.00014291072355802423, 0.0001964592407355774, 2.194766286585067e-05, 3.5955011380372275e-05, 2.7347406375088345e-06, 6.131156706347435e-06, 0.00017430657682378098, 5.071616302204868e-06, 4.455656142239094e-05], "best_lr": 0.00040169155729409154}