{"aec_only_loss": [0.00011110433777574552, 0.0003803893136568274, 0.00044208946191720474, 7.775237084844556e-05, 0.00019662247223847914, 0.0005187770066289007, 0.0002368779741425465, 0.0003165899945020368, 0.00023421981871778243, 5.2799414288117186e-05, 4.2984492716191795e-05, 0.0004595044033458189, 3.251432112290153e-05, 7.346827734887102e-05, 0.00010271587680032926, 0.0002693999184895032, 4.6501041116546895e-05, 0.00015311104775020436, 0.00010769901452936941, 0.00014783139689590187], "full_init_loss": [0.010135958521423391, 0.012413983750035405, 0.012169277973221959, 0.01953219556004909, 0.03499159166114341, 0.03691689009933736, 0.02554700864116846, 0.03740219099161161, 0.09433083786631301, 0.09324036602961801, 0.09483502087726307, 0.11076113643424894, 0.09414926713824862, 0.09946719552306271, 0.09659922464586668, 0.10567568645837182, 0.09532290734297698, 0.09542981482408112, 0.09412221962021215, 0.1047284494742759], "learn_rates": [6.718035345026568e-05, 1.867910522085232e-05, 2.5133822105532347e-05, 0.00026950519961749193, 1.507140338822555e-05, 2.034044213326904e-05, 0.0002603771987844057, 1.9202997747433136e-05, 0.0008697932347592604, 0.0005991024309390669, 0.00017851581731135102, 2.8880394923727367e-06, 0.00017012959529145365, 3.3061016959946875e-05, 0.00010735923793123049, 4.191566930604917e-06, 0.0001695913671355867, 0.0001528835456916228, 0.0005321683804096172, 9.631665295212618e-06], "best_lr": 6.718035345026568e-05}