{"aec_only_loss": [0.0033702514185866817, 8.478348677119311e-05, 2.8678571094093997e-05, 9.123647637806165e-05, 7.994570134413082e-05, 4.858598028960843e-05, 0.00013925748149540043, 8.760799654986066e-05, 0.0011829312502822642, 0.0001242240534577735, 0.0001370131805090097, 6.857461079232278e-05, 0.0005026028936709198, 0.0015463950667480523, 0.00013955623451977542, 0.0017262419532749276, 0.0011366199397692376, 0.0003679877139248649, 0.0009332150330541368, 0.00040238221502391665], "full_init_loss": [0.09870228816965167, 0.06662161551285972, 0.07031652946433663, 0.0641457346166284, 0.07710538894686525, 0.07155703673479004, 0.06548761087879333, 0.06697532832826096, 0.2119875803965724, 0.07766647035668323, 0.0685675390013406, 0.07340187571278563, 0.0683143215042155, 0.16328516330906567, 0.0759381315160524, 0.15950856040358694, 0.12649865434392457, 0.07625575659590099, 0.09559973686190636, 0.07379567999376295], "learn_rates": [1.9354818228066814e-06, 0.0006296777767001648, 0.00012710591671905643, 0.0006113029482077155, 1.288541978963416e-05, 8.687915441843887e-05, 0.0008154038512068498, 0.0004715839553445186, 1.4274103065531735e-06, 2.043134855838095e-05, 0.00028991162041341846, 4.917328620465462e-05, 0.00028673161087161076, 1.6496005018707324e-06, 2.9813763646795437e-05, 1.0539927014750884e-06, 1.6002938464896232e-06, 4.9232416760820535e-05, 2.1312501319407612e-06, 4.78127718226921e-05], "best_lr": 0.0008154038512068498}