{"aec_only_loss": [0.06143794457117716, 0.03162247190872828, 0.010540873743593693, 0.01752614292005698, 0.021748128657539684, 0.0011331342005481322, 0.004836320411413908, 0.001249979599379003, 0.01194243598729372, 0.015050452202558517, 0.00018281233011900136, 0.0005056086423185965, 0.03380715474486351, 0.001005523120208333, 0.0005002335916894177, 0.001231797660390536, 0.0008518904796801507, 0.0010943141533061862, 0.01485581323504448, 0.004614216120292743], "full_init_loss": [0.15989450613657633, 0.10760075350602467, 0.008496908470988274, 0.0361324076851209, 0.05373647188146909, 0.004747873987071216, 0.011666031864782175, 0.002300721127539873, 0.02574798030157884, 0.025701104973753292, 0.039950981736183167, 0.04563357432683309, 0.08863020439942677, 0.045306907345851265, 0.045078009366989136, 0.051984465370575585, 0.0455115499595801, 0.05027000109354655, 0.0777270644903183, 0.05304091920455297], "learn_rates": [1.146897917909064e-06, 3.5745576591767015e-06, 7.029558191472096e-05, 7.836483271581925e-06, 3.5265453368974413e-06, 0.0003641357252423333, 1.666049042906094e-05, 0.0003362114410133974, 4.4897113626806705e-06, 1.3043256602150176e-05, 0.0009663547315826354, 0.00018517507536966788, 3.576353206780297e-06, 0.0002879961884934179, 0.0005301363827648228, 4.001577758191192e-05, 0.0003064023805349744, 0.0001588610192538531, 3.88012714164299e-06, 2.4126233380037137e-05], "best_lr": 0.0003641357252423333}