{"aec_only_loss": [0.008635572157800198, 0.022920142238338787, 0.010948631912469864, 0.03434958060582479, 0.012969504420955976, 0.02586910252769788, 0.0002406853794430693, 0.00036254281682583195, 0.001614823006093502, 0.004286838695406914, 0.0010989157405371468, 0.0012800208448121946, 0.0019169117246444027, 0.0018867929466068745, 0.0012724311091005802, 0.0012248505372554064, 0.001863805732379357, 0.0029151993803679943, 0.0019809440709650517, 0.004222947638481855], "full_init_loss": [0.029974921916921932, 0.07399710019429524, 0.009447112369040648, 0.061851448069016136, 0.022721394275625546, 0.03898604090015093, 0.045459085454543434, 0.042550193766752877, 0.0498927670220534, 0.04845405618349711, 0.04711780697107315, 0.04733767360448837, 0.04800428698460261, 0.04834549377361933, 0.043842396388451256, 0.04710745563109716, 0.04631476725141207, 0.04784488429625829, 0.04548902561267217, 0.05634523555636406], "learn_rates": [1.7065521346994767e-05, 7.148847900387236e-06, 5.742798661164685e-05, 1.6003571938919115e-06, 1.3175381327148921e-05, 4.2300123413051435e-06, 0.0008153171000475584, 0.00038352344923596606, 2.6149744866394733e-05, 2.7980351074833938e-05, 0.0003388132392178645, 7.084994149355345e-05, 6.0086198809523105e-05, 7.076403799517725e-05, 0.00034617137544967335, 0.0001248952954242926, 4.6397069853205126e-05, 1.7866602472887827e-05, 0.00014870409344554654, 8.32847087876561e-06], "best_lr": 5.742798661164685e-05}