{"aec_only_loss": [0.00013019892988571277, 0.0005385583887497584, 0.0002143840586844211, 0.0001582894668293496, 0.0020405282266438007, 0.0021026318427175283, 0.0017216174552838008, 0.0018729263683781028, 0.0013301066355779767, 0.00022041648238276443, 0.001763585217607518, 0.0017825613031163812, 0.005895391261825959, 0.0020675494646032653, 0.5361888408660889, 0.0004850389571705212, 0.011235899912814299, 0.0025213314996411404, 0.003078354988247156, 0.0543090229233106], "full_init_loss": [0.03630890200535456, 0.03755529224872589, 0.0361480712890625, 0.035776288559039436, 0.0410782719651858, 0.04008271793524424, 0.03825859849651655, 0.042151699463526406, 0.0362392875055472, 0.03705566003918648, 0.04038918763399124, 0.040774744004011154, 0.045891432712475456, 0.03697845836480459, 0.06926311055819194, 0.036222077906131744, 0.051673367619514465, 0.04181618243455887, 0.045086889217297234, 0.04973667860031128], "learn_rates": [0.00071633097631102, 6.071477160284508e-05, 0.0008191623126027972, 0.0004948890149649225, 1.9178873434516138e-05, 9.43512980771955e-05, 0.00015198326629309666, 4.951820588773891e-05, 0.0003405232931202582, 0.0009797750800384479, 1.9595800996772204e-05, 0.0001066796499986299, 1.633610685782004e-05, 0.0002292109028485422, 1.2109991360266938e-06, 0.0005707771792610644, 4.735706877793858e-06, 6.960841236402272e-05, 2.0309832009520085e-05, 3.963231876595353e-06], "best_lr": 0.0008191623126027972, "best_model_idc": 2.0}