{"loss": [2.3811397552490234, 2.217707395553589, 1.1553953886032104, 0.9149142503738403, 1.0117082595825195, 0.5070089101791382, 0.5485491752624512, 0.4691550135612488, 0.3725380301475525, 0.37921690940856934], "output_1_loss": [0.12597298622131348, 0.08394481986761093, 0.053227297961711884, 0.035266950726509094, 0.0478321798145771, 0.022028548642992973, 0.023084571585059166, 0.021127458661794662, 0.015949217602610588, 0.01454720925539732], "output_2_loss": [0.01331245806068182, 0.011742073111236095, 0.008532277308404446, 0.006702412385493517, 0.007614435628056526, 0.0054999650456011295, 0.005541111342608929, 0.005188892595469952, 0.004870708100497723, 0.0046990858390927315], "output_3_loss": [0.05024480074644089, 0.04216218739748001, 0.036838285624980927, 0.032522961497306824, 0.03285476937890053, 0.028440138325095177, 0.027867387980222702, 0.02557019703090191, 0.02507823146879673, 0.02342822216451168], "output_4_loss": [2.189203977584839, 2.077467918395996, 1.0544177293777466, 0.8380482792854309, 0.9210329651832581, 0.4486650228500366, 0.48967787623405457, 0.41488659381866455, 0.3242541253566742, 0.3341529965400696], "val_loss": [3.7812154293060303, 1.977290391921997, 1.4055346250534058, 1.7624927759170532, 0.7020127773284912, 0.9153247475624084, 0.7659834623336792, 0.6800459027290344, 0.4308035969734192, 0.3998442590236664], "val_output_1_loss": [0.15521350502967834, 0.07399775832891464, 0.026426000520586967, 0.155643031001091, 0.022120941430330276, 0.02571931667625904, 0.018551258370280266, 0.01480583380907774, 0.011833284050226212, 0.008467878215014935], "val_output_2_loss": [0.01584208570420742, 0.012485564686357975, 0.007873455993831158, 0.01202846597880125, 0.00771342171356082, 0.00715572340413928, 0.005979971028864384, 0.005813909228891134, 0.005731459241360426, 0.005112930200994015], "val_output_3_loss": [0.049092959612607956, 0.0439755879342556, 0.03613659366965294, 0.037971146404743195, 0.035622142255306244, 0.03344280645251274, 0.029007717967033386, 0.029508130624890327, 0.02791609987616539, 0.026030011475086212], "val_output_4_loss": [3.558668851852417, 1.8444476127624512, 1.3327226638793945, 1.5544770956039429, 0.6341814398765564, 0.8466302156448364, 0.7100644111633301, 0.627534031867981, 0.38293489813804626, 0.35784202814102173], "random_seed": 3737865757}