{"full_hist": [{"loss": [362.63037109375, 89.96745300292969, 41.87030792236328, 26.92144012451172, 18.308101654052734], "output_1_loss": [0.07534483820199966, 0.18549728393554688, 0.23451735079288483, 0.295966774225235, 0.3048193156719208], "output_2_loss": [0.01657036691904068, 0.029254309833049774, 0.027142692357301712, 0.022099392488598824, 0.02507668174803257], "output_3_loss": [1.1196391582489014, 0.9266816973686218, 0.6710654497146606, 0.5507731437683105, 0.4600560665130615], "output_4_loss": [359.1131896972656, 86.5608139038086, 38.71321487426758, 23.961111068725586, 15.794133186340332], "val_loss": [168.08859252929688, 72.31436920166016, 46.78002166748047, 33.944068908691406, 22.84026336669922], "val_output_1_loss": [0.14750520884990692, 0.2156776338815689, 0.2717183828353882, 0.33733537793159485, 0.2649771571159363], "val_output_2_loss": [0.02394796721637249, 0.027841195464134216, 0.023539362475275993, 0.02543683722615242, 0.03028479404747486], "val_output_3_loss": [1.078299641609192, 0.7461468577384949, 0.5983307957649231, 0.4993494749069214, 0.4341348111629486], "val_output_4_loss": [164.56826782226562, 69.06597900390625, 43.70576858520508, 31.130563735961914, 20.64499282836914]}, {"loss": [424.1149597167969, 136.97496032714844, 57.23463439941406, 34.75660705566406, 24.17803955078125], "output_1_loss": [0.06083196401596069, 0.15819288790225983, 0.20715296268463135, 0.26682478189468384, 0.3253962993621826], "output_2_loss": [0.0140160471200943, 0.028049597516655922, 0.030845122411847115, 0.026094457134604454, 0.02716539055109024], "output_3_loss": [1.126948356628418, 0.9991211295127869, 0.7632362246513367, 0.6470147371292114, 0.5479429960250854], "output_4_loss": [420.599609375, 133.52857971191406, 54.00403594970703, 31.70754623413086, 21.400672912597656], "val_loss": [239.18833923339844, 97.58663940429688, 57.42620849609375, 41.31983184814453, 29.62543487548828], "val_output_1_loss": [0.11925621330738068, 0.19760817289352417, 0.2427801787853241, 0.30826491117477417, 0.3363135755062103], "val_output_2_loss": [0.021635448560118675, 0.03097541071474552, 0.02778029628098011, 0.028082890436053276, 0.030339440330863], "val_output_3_loss": [1.0926395654678345, 0.8545304536819458, 0.6898236870765686, 0.5955391526222229, 0.5025798082351685], "val_output_4_loss": [235.6761016845703, 94.25296020507812, 54.28383255004883, 38.37053680419922, 27.031673431396484]}, {"loss": [105.46109771728516, 11.054224967956543, 4.644062042236328, 3.7803850173950195, 2.925907611846924], "output_1_loss": [0.279144287109375, 0.2659454643726349, 0.2272290140390396, 0.20449315011501312, 0.1354546695947647], "output_2_loss": [0.030363334342837334, 0.026122750714421272, 0.022822029888629913, 0.01693827100098133, 0.012483131140470505], "output_3_loss": [0.8611487150192261, 0.35876432061195374, 0.14833244681358337, 0.07493951171636581, 0.05490230768918991], "output_4_loss": [102.14057159423828, 9.131614685058594, 3.3572044372558594, 2.710847854614258, 2.035989761352539], "val_loss": [27.28536605834961, 6.973668575286865, 5.028904438018799, 4.3422417640686035, 3.4093286991119385], "val_output_1_loss": [0.40636488795280457, 0.1627819538116455, 0.13190557062625885, 0.21481186151504517, 0.17040495574474335], "val_output_2_loss": [0.029274892061948776, 0.02554933913052082, 0.02202332764863968, 0.016888506710529327, 0.012344541028141975], "val_output_3_loss": [0.5312685966491699, 0.24183039367198944, 0.09879081696271896, 0.07182314991950989, 0.05128421634435654], "val_output_4_loss": [24.636356353759766, 5.5568132400512695, 3.983010768890381, 3.3017406463623047, 2.5844907760620117]}], "aec_hist": [{"loss": [0.04087904095649719, 0.006113470997661352, 0.004431103356182575, 0.0037828865461051464, 0.0034306063316762447], "output_1_loss": [0.02042250894010067, 0.0014911711914464831, 0.0007407069788314402, 0.0004906024551019073, 0.0003595290763769299], "output_2_loss": [0.017907166853547096, 0.002088603563606739, 0.0011723018251359463, 0.0007899689953774214, 0.0005845634150318801], "output_3_loss": [0.0, 0.0, 0.0, 0.0, 0.0], "output_4_loss": [0.0, 0.0, 0.0, 0.0, 0.0], "val_loss": [0.008286510594189167, 0.005123938899487257, 0.004179324489086866, 0.0036920856218785048, 0.003404121147468686], "val_output_1_loss": [0.0025154505856335163, 0.0009823606815189123, 0.000613100070040673, 0.0004346983914729208, 0.00033294031163677573], "val_output_2_loss": [0.003229759866371751, 0.0016157684149220586, 0.001056091277860105, 0.0007630845648236573, 0.0005926862359046936], "val_output_3_loss": [0.0, 0.0, 0.0, 0.0, 0.0], "val_output_4_loss": [0.0, 0.0, 0.0, 0.0, 0.0]}, {"loss": [0.034694019705057144, 0.006012389902025461, 0.0044214557856321335, 0.0038015448953956366, 0.003453370649367571], "output_1_loss": [0.01625889167189598, 0.0014749866677448153, 0.000736089947167784, 0.00048753718147054315, 0.0003577388415578753], "output_2_loss": [0.015873299911618233, 0.0019916659221053123, 0.0011559206759557128, 0.0008012609905563295, 0.0005997595726512372], "output_3_loss": [0.0, 0.0, 0.0, 0.0, 0.0], "output_4_loss": [0.0, 0.0, 0.0, 0.0, 0.0], "val_loss": [0.007992623373866081, 0.005082245916128159, 0.004163589794188738, 0.0037083507049828768, 0.0034203643444925547], "val_output_1_loss": [0.002444158075377345, 0.0009857499971985817, 0.0006069628288969398, 0.00043705105781555176, 0.0003338359238114208], "val_output_2_loss": [0.0029949508607387543, 0.0015589164104312658, 0.0010356063721701503, 0.0007671014172956347, 0.0005991908255964518], "val_output_3_loss": [0.0, 0.0, 0.0, 0.0, 0.0], "val_output_4_loss": [0.0, 0.0, 0.0, 0.0, 0.0]}, {"loss": [0.011259623803198338, 0.0028687354642897844, 0.0025828916113823652, 0.0024304515682160854, 0.002321787178516388], "output_1_loss": [0.004155304748564959, 0.00014501494297292084, 7.63800271670334e-05, 4.938272832077928e-05, 3.447349808993749e-05], "output_2_loss": [0.004589317832142115, 0.00028708926402032375, 0.0001465140376240015, 9.17043726076372e-05, 6.274446059251204e-05], "output_3_loss": [0.0, 0.0, 0.0, 0.0, 0.0], "output_4_loss": [0.0, 0.0, 0.0, 0.0, 0.0], "val_loss": [0.003171746851876378, 0.0027290142606943846, 0.002527558244764805, 0.0023893353063613176, 0.0022882039193063974], "val_output_1_loss": [0.00023159846023190767, 0.00011253140110056847, 7.034042937448248e-05, 4.5222837798064575e-05, 3.0979968869360164e-05], "val_output_2_loss": [0.0004645050794351846, 0.00021957786520943046, 0.0001340593589702621, 8.843019895721227e-05, 6.388234032783657e-05], "val_output_3_loss": [0.0, 0.0, 0.0, 0.0, 0.0], "val_output_4_loss": [0.0, 0.0, 0.0, 0.0, 0.0]}], "lr": [7.296548956778891e-05, 5.78010910745185e-05, 0.0003967745762249365], "best_loss": [22.842859268188477, 29.626890182495117, 3.411836624145508], "model_path": ["../model_weights/S1-NLSL1-Expt1-L128-b/model_0", "../model_weights/S1-NLSL1-Expt1-L128-b/model_1", "../model_weights/S1-NLSL1-Expt1-L128-b/model_2"]}