{"aec_only_loss": [0.0008918470315014323, 0.00013947997649665922, 0.000559228608229508, 0.00035681037115864456, 0.0005501081274511913, 0.0006684700104718407, 0.02857333980500698, 0.04241917530695597, 0.001353033701889217, 0.001728102487201492, 0.000730218249373138, 0.0021693723586698375, 0.0009634779028904935, 0.0005351784833086034, 0.0006094144773669541, 0.0004957858570075283, 0.0004780900392991801, 0.0002206194718989233, 0.00041861225812075037, 0.0007286640854241947], "full_init_loss": [0.488083948691686, 0.012827356035510698, 0.04350885127981504, 0.053310071428616844, 0.09380117803812027, 0.2466129461924235, 4.702764511108398, 5.025022983551025, 0.23840084175268808, 0.203768456975619, 0.023172510787844658, 0.48526110251744586, 0.04962873334685961, 0.015057361995180448, 0.03408622182905674, 0.013934140714506308, 0.02160142796734969, 0.006996669185658296, 0.040794008721907936, 0.45531397064526874], "learn_rates": [2.096871670911319e-06, 0.00014546063667243537, 1.2974803521159047e-05, 7.967221091858759e-05, 2.5403825495366024e-05, 9.555968613615123e-06, 1.3026971776562736e-06, 1.181704657003241e-06, 1.1284656999397312e-05, 1.0222935654475708e-05, 9.048644437130416e-05, 1.6965900377389896e-06, 1.6701956408848336e-05, 0.00014858121557705282, 2.0946227246313515e-05, 0.0001099304840911221, 0.00018504416081481373, 0.00044993126903938917, 1.3323078325841257e-05, 2.419749482031701e-06], "best_lr": 0.00044993126903938917}