{"aec_only_loss": [0.0016089725929001968, 0.000743534144324561, 0.002317104876662294], "full_init_loss": [9.512945493062338, 0.49440718690554303, 0.8447246551513672], "learn_rates": [3.0174069899425854e-06, 4.46567698551543e-05, 5.12381850231125e-06], "best_lr": 4.46567698551543e-05, "best_model_idc": 1.0}