{"aec_only_loss": [1.149479919604346e-05, 6.891624313235904e-05, 5.7245614395166435e-05], "full_init_loss": [0.055837893237670265, 0.23820610344409943, 0.06491687645514806], "learn_rates": [0.0002525540384508337, 3.849974525459799e-06, 4.484476071979584e-05], "best_lr": 0.0002525540384508337, "best_model_idc": 0.0}