{"loss": [1.8480966091156006, 1.124122142791748, 0.8887247443199158, 0.8230148553848267, 0.2585758566856384, 0.1527082920074463, 0.15945109724998474, 0.10983893275260925, 0.08980006724596024, 0.08411986380815506], "output_1_loss": [0.1424219012260437, 0.07466442137956619, 0.050272028893232346, 0.056189265102148056, 0.014766247011721134, 0.008370715193450451, 0.007223398890346289, 0.005594376940280199, 0.00493271229788661, 0.004610226955264807], "output_2_loss": [0.017505880445241928, 0.011589079163968563, 0.00885725673288107, 0.010024183429777622, 0.005251516122370958, 0.004082908853888512, 0.0035398476757109165, 0.0030068608466535807, 0.002643675310537219, 0.0026293678674846888], "output_3_loss": [0.0472012497484684, 0.031477443873882294, 0.024621620774269104, 0.023097291588783264, 0.017887938767671585, 0.01588287390768528, 0.014955924823880196, 0.014189247041940689, 0.013461894355714321, 0.013147255405783653], "output_4_loss": [1.638789415359497, 1.0042186975479126, 0.8027725219726562, 0.7314675450325012, 0.2184179425239563, 0.12210927903652191, 0.1314598023891449, 0.08476592600345612, 0.06646852195262909, 0.06142818555235863], "val_loss": [1.850318431854248, 2.030275344848633, 0.8782160878181458, 0.4396485984325409, 0.22122566401958466, 0.3469783663749695, 0.16143687069416046, 0.11709567159414291, 0.10110282152891159, 0.15927629172801971], "val_output_1_loss": [0.07002117484807968, 0.056331075727939606, 0.046939507126808167, 0.018228262662887573, 0.010704653337597847, 0.0075402408838272095, 0.0062969764694571495, 0.005241300445050001, 0.005538716912269592, 0.004216318018734455], "val_output_2_loss": [0.01810707151889801, 0.013401691801846027, 0.00885024480521679, 0.006610509939491749, 0.006011223420500755, 0.00471540866419673, 0.0042961775325238705, 0.003476060926914215, 0.0032707632053643465, 0.0028226193971931934], "val_output_3_loss": [0.03976534679532051, 0.03283552825450897, 0.02471858821809292, 0.021858764812350273, 0.02357441931962967, 0.017070181667804718, 0.01744982786476612, 0.016313333064317703, 0.015926627442240715, 0.013122212141752243], "val_output_4_loss": [1.7202529907226562, 1.9255197048187256, 0.7954942584037781, 0.39070436358451843, 0.17867855727672577, 0.31538501381874084, 0.13111664354801178, 0.08977743983268738, 0.07406701892614365, 0.13680559396743774], "random_seed": 9686780722}