{"full_hist": [{"loss": [473.4015197753906, 194.94744873046875, 96.20272064208984, 57.47702407836914, 39.568397521972656], "output_1_loss": [0.04215850681066513, 0.12401991337537766, 0.18385931849479675, 0.21307265758514404, 0.243050679564476], "output_2_loss": [0.011970922350883484, 0.021475045010447502, 0.02922765351831913, 0.030401339754462242, 0.02556449919939041], "output_3_loss": [1.1375263929367065, 1.0836035013198853, 0.9324387907981873, 0.7283827662467957, 0.6629152894020081], "output_4_loss": [469.8818054199219, 191.4459228515625, 92.80176544189453, 54.27299880981445, 36.47761535644531], "val_loss": [302.8814697265625, 149.056884765625, 90.28875732421875, 63.24330520629883, 48.202362060546875], "val_output_1_loss": [0.09020009636878967, 0.16157320141792297, 0.20745456218719482, 0.23469001054763794, 0.26455339789390564], "val_output_2_loss": [0.019004032015800476, 0.02340344898402691, 0.031266070902347565, 0.029023269191384315, 0.02632237784564495], "val_output_3_loss": [1.1097546815872192, 1.0454798936843872, 0.7856302261352539, 0.6791694760322571, 0.6302016377449036], "val_output_4_loss": [299.3699035644531, 145.56678771972656, 87.00910949707031, 60.100746154785156, 45.16844940185547]}, {"loss": [132.33609008789062, 15.020146369934082, 6.074018478393555, 5.828590393066406, 3.217796802520752], "output_1_loss": [0.2342497706413269, 0.23980894684791565, 0.17396299540996552, 0.19466593861579895, 0.12003771960735321], "output_2_loss": [0.030423667281866074, 0.03563106432557106, 0.026618734002113342, 0.022843722254037857, 0.015630707144737244], "output_3_loss": [0.899556040763855, 0.37483707070350647, 0.1797601878643036, 0.11181003600358963, 0.0670381411910057], "output_4_loss": [128.96282958984375, 13.017908096313477, 4.653853893280029, 4.496673583984375, 2.1187591552734375], "val_loss": [35.53963088989258, 10.32707691192627, 11.92684555053711, 4.370059967041016, 3.3187427520751953], "val_output_1_loss": [0.3756786286830902, 0.16207408905029297, 0.2840651273727417, 0.11038363724946976, 0.10200992971658707], "val_output_2_loss": [0.03096056543290615, 0.036228280514478683, 0.027096306905150414, 0.02015955001115799, 0.019173702225089073], "val_output_3_loss": [0.565671443939209, 0.25217893719673157, 0.14637620747089386, 0.09066736698150635, 0.06161504611372948], "val_output_4_loss": [32.6714973449707, 8.796379089355469, 10.49183464050293, 3.2325844764709473, 2.315411329269409]}, {"loss": [48.837276458740234, 6.521336555480957, 7.424678802490234, 2.281902551651001, 1.3648097515106201], "output_1_loss": [0.47260481119155884, 0.37361231446266174, 0.3731491267681122, 0.13691113889217377, 0.09362936019897461], "output_2_loss": [0.045793261379003525, 0.024375298991799355, 0.022188058122992516, 0.011164292693138123, 0.008521810173988342], "output_3_loss": [0.5502194762229919, 0.09371595829725266, 0.06002300977706909, 0.041301142424345016, 0.03271075338125229], "output_4_loss": [46.25082778930664, 5.213479518890381, 6.4014668464660645, 1.8738993406295776, 1.1113258600234985], "val_loss": [9.832405090332031, 9.272689819335938, 5.436677932739258, 2.489990234375, 1.554296612739563], "val_output_1_loss": [0.22468869388103485, 0.37548938393592834, 0.2112160623073578, 0.14513082802295685, 0.0765913873910904], "val_output_2_loss": [0.029137147590517998, 0.018895387649536133, 0.01777021959424019, 0.012028267607092857, 0.009235315024852753], "val_output_3_loss": [0.117796890437603, 0.06433077156543732, 0.05909944698214531, 0.040786389261484146, 0.03606028854846954], "val_output_4_loss": [8.715888023376465, 8.176539421081543, 4.791406631469727, 2.124305009841919, 1.3310389518737793]}], "aec_hist": [{"loss": [0.044974688440561295, 0.008064030669629574, 0.005596791859716177, 0.004603253211826086, 0.004070079419761896], "output_1_loss": [0.019007481634616852, 0.0022496916353702545, 0.00113131501711905, 0.0007302802987396717, 0.0005307469400577247], "output_2_loss": [0.023408062756061554, 0.0032657883130013943, 0.0019269742770120502, 0.0013446277007460594, 0.0010212629567831755], "output_3_loss": [0.0, 0.0, 0.0, 0.0, 0.0], "output_4_loss": [0.0, 0.0, 0.0, 0.0, 0.0], "val_loss": [0.011083955876529217, 0.006605701055377722, 0.00516852829605341, 0.004447598475962877, 0.004019473679363728], "val_output_1_loss": [0.00362201314419508, 0.0015278931241482496, 0.0009195464081130922, 0.0006448687054216862, 0.0004894519224762917], "val_output_2_loss": [0.004908415954560041, 0.0025343268644064665, 0.0017156025860458612, 0.0012795838993042707, 0.0010171807371079922], "val_output_3_loss": [0.0, 0.0, 0.0, 0.0, 0.0], "val_output_4_loss": [0.0, 0.0, 0.0, 0.0, 0.0]}, {"loss": [0.011323385871946812, 0.0029537419322878122, 0.002640744671225548, 0.0024792510084807873, 0.002368756802752614], "output_1_loss": [0.004311791155487299, 0.00018259481294080615, 9.471867087995633e-05, 5.8961817558156326e-05, 4.179762254352681e-05], "output_2_loss": [0.004488470032811165, 0.0003191710857208818, 0.00016505546227563173, 0.00010577338980510831, 7.396384899038821e-05], "output_3_loss": [0.0, 0.0, 0.0, 0.0, 0.0], "output_4_loss": [0.0, 0.0, 0.0, 0.0, 0.0], "val_loss": [0.0032968914601951838, 0.00278532225638628, 0.002583388239145279, 0.002447236329317093, 0.002337494632229209], "val_output_1_loss": [0.00028688431484624743, 0.0001277080737054348, 8.198702562367544e-05, 5.810201037093066e-05, 3.8139496609801427e-05], "val_output_2_loss": [0.0005222460604272783, 0.0002422407123958692, 0.00015495669504161924, 0.0001065768810804002, 7.602659752592444e-05], "val_output_3_loss": [0.0, 0.0, 0.0, 0.0, 0.0], "val_output_4_loss": [0.0, 0.0, 0.0, 0.0, 0.0]}, {"loss": [0.007970753125846386, 0.0022967844270169735, 0.0021096966229379177, 0.0019704848527908325, 0.0018481595907360315], "output_1_loss": [0.003009896958246827, 1.1587356311792973e-05, 3.6296264624979813e-06, 1.776376620910014e-06, 2.1512203147722175e-06], "output_2_loss": [0.0025101033970713615, 2.859611777239479e-05, 5.796442110295175e-06, 2.478997657817672e-06, 2.7088358365290333e-06], "output_3_loss": [0.0, 0.0, 0.0, 0.0, 0.0], "output_4_loss": [0.0, 0.0, 0.0, 0.0, 0.0], "val_loss": [0.002436182228848338, 0.002191299106925726, 0.002036083023995161, 0.0019092794973403215, 0.001791936345398426], "val_output_1_loss": [2.6325660655857064e-05, 6.164665592223173e-06, 2.74632338914671e-06, 2.4140063032973558e-06, 3.6559742966346676e-06], "val_output_2_loss": [6.351241609081626e-05, 1.3050726920482703e-05, 3.334101393193123e-06, 4.326774615037721e-06, 4.569101292872801e-06], "val_output_3_loss": [0.0, 0.0, 0.0, 0.0, 0.0], "val_output_4_loss": [0.0, 0.0, 0.0, 0.0, 0.0]}], "lr": [4.0223826412697644e-05, 0.0003151481002386875, 0.0012781551070985538], "best_loss": [48.20282745361328, 3.3214964866638184, 1.554450273513794], "model_path": ["../model_weights/S1-NLSL1-Expt1-L128-a/model_0", "../model_weights/S1-NLSL1-Expt1-L128-a/model_1", "../model_weights/S1-NLSL1-Expt1-L128-a/model_2"]}