{"aec_only_loss": [0.0026801608321245936, 0.007830590184385103, 0.00025184794460055845, 0.014518345231380547, 0.0056442452384485335, 0.007675524693416198, 0.17501280510529452, 0.008440617443852638, 0.0009168014429578611, 0.00102155551955908, 0.005079381774665291, 0.002247770546300253, 0.0010632636224005615, 0.029023422583169242, 0.0467769008729171, 0.0017444788639843767, 0.005176961583479265, 0.0022058043990874805, 0.011629981245101872, 0.0016351943528345658], "full_init_loss": [3.610847463603813, 3.5989183260862148, 3.707566824061383, 3.2987064615262622, 8.875935237010486, 2.594739244798165, 6.712074898407992, 2.9135701905129037, 3.1426794484901617, 2.612991100784075, 2.3206177858307875, 2.241373404373937, 4.655975348786776, 2.883770762110015, 5.64408278929056, 15.819221827790722, 3.859084438148001, 3.5244633206662592, 3.315636919524349, 2.3989308280581745], "learn_rates": [5.7442861728434115e-06, 1.0683393068029737e-05, 0.0007145992753463239, 1.166602031636593e-06, 1.0105652508462466e-05, 2.509748106339221e-06, 0.0006222222027552172, 2.04276636298037e-06, 0.0003514952644671956, 7.858642932574533e-05, 1.073121049463009e-05, 4.584260285621607e-05, 0.0009206637544168877, 0.0002308568035664688, 0.00030545700370180376, 0.0006146143323670372, 2.210532898769763e-05, 0.0004620859951722746, 0.0003707527606652584, 6.533817822614424e-05], "best_lr": 4.584260285621607e-05}