{"loss": [1943.7515083112633, 1891.9034919639387, 1846.7630806064647, 1790.369041310096, 1748.079514987273, 1705.9057083034475, 1650.241137182976, 1609.299882399832, 1575.1077770600473, 1521.7263141137553, 1496.4173244923143, 1447.586574059916, 1410.5744223183221, 1376.3027825150803, 1337.8216378361844, 1302.4870131295042, 1267.9353360187615, 1236.9575287066384, 1204.216759666993, 1178.1121366957218, 1145.3057306757962, 1111.46738010548, 1084.7559043324554, 1061.417718315681, 1027.0943313493685, 1008.2312354377628, 975.351484749505, 954.2393658070725, 924.8698463801694, 904.9870956392276, 880.7259494587499, 855.8803247898605, 834.6012250590991, 814.3694089402155, 791.4884957682843, 775.2509533388012, 754.1328190377774, 736.7834013175249, 717.4070823831626, 694.1325802351843, 677.5547184194809, 660.392990966199, 644.6324826928663, 625.8766650048432, 612.2534980121977, 593.4108875500456, 580.1539591117022, 565.9707869978536, 550.5479012159767, 536.4784585444716, 523.5426605847937, 509.6462887266667, 498.2754232630028, 484.32204667902727, 469.59837562653263, 457.6031054059085, 447.17992671999946, 434.15153370165933, 425.2224474672776, 412.42211876535674], "output_1_loss": [0.6922077536582947, 0.6948427557945251, 0.6972015500068665, 0.6997921466827393, 0.7022112011909485, 0.7045325040817261, 0.7071546912193298, 0.7092769742012024, 0.711338222026825, 0.7135956883430481, 0.7156033515930176, 0.7177349925041199, 0.7199788689613342, 0.721851646900177, 0.7237176299095154, 0.7256952524185181, 0.7271636724472046, 0.7293505072593689, 0.7311714291572571, 0.7330124974250793, 0.7345201969146729, 0.735924482345581, 0.737603485584259, 0.7392401695251465, 0.7408206462860107, 0.7423118948936462, 0.7438522577285767, 0.7452916502952576, 0.7464926242828369, 0.748005211353302, 0.7492416501045227, 0.7504491209983826, 0.751916766166687, 0.753296434879303, 0.7542798519134521, 0.7557574510574341, 0.7566086053848267, 0.7578413486480713, 0.7589394450187683, 0.7597925066947937, 0.7608006000518799, 0.7620636224746704, 0.76296067237854, 0.7636563777923584, 0.7650706768035889, 0.7661179900169373, 0.766680896282196, 0.7677508592605591, 0.7684780359268188, 0.769296407699585, 0.7698466777801514, 0.7709335088729858, 0.7715868353843689, 0.7722718715667725, 0.7728956341743469, 0.7736684679985046, 0.7741846442222595, 0.7747802734375, 0.7752706408500671, 0.7760484218597412], "output_2_loss": [0.5966101288795471, 0.597645103931427, 0.5984114408493042, 0.5991063714027405, 0.6001453399658203, 0.6009599566459656, 0.601917564868927, 0.6026404500007629, 0.6035163998603821, 0.6045645475387573, 0.6055151224136353, 0.6062700152397156, 0.6071971654891968, 0.6078560948371887, 0.6090098023414612, 0.6099541783332825, 0.6108365654945374, 0.6116029620170593, 0.6124011278152466, 0.6137815713882446, 0.6143664121627808, 0.6151825785636902, 0.6164109110832214, 0.6171764731407166, 0.6182569265365601, 0.6191883683204651, 0.6202619671821594, 0.6209423542022705, 0.6219482421875, 0.6230507493019104, 0.6240837574005127, 0.6247491836547852, 0.6259143352508545, 0.6266377568244934, 0.6274932622909546, 0.6286477446556091, 0.6293041706085205, 0.630329966545105, 0.631574273109436, 0.6323211789131165, 0.6332924962043762, 0.6339668035507202, 0.6352583169937134, 0.6361911296844482, 0.6370512247085571, 0.6381124258041382, 0.6389729976654053, 0.6400574445724487, 0.6409513354301453, 0.6418974995613098, 0.6428664922714233, 0.6440329551696777, 0.6444475054740906, 0.6455011367797852, 0.6465722918510437, 0.6472949981689453, 0.6482976675033569, 0.6494677066802979, 0.6500542759895325, 0.6510729193687439], "output_3_loss": [675.263427734375, 659.0751953125, 642.7420043945312, 627.0098876953125, 614.2367553710938, 598.7789916992188, 583.3673706054688, 568.4251098632812, 554.2557373046875, 540.918701171875, 530.26123046875, 515.261474609375, 503.9173889160156, 492.08587646484375, 480.4380187988281, 467.4571228027344, 457.4341125488281, 445.6570739746094, 435.76837158203125, 425.4512939453125, 414.077880859375, 405.6534729003906, 394.9385681152344, 385.24005126953125, 375.87860107421875, 366.8174133300781, 358.1988220214844, 350.2103576660156, 340.7122497558594, 333.4781494140625, 325.6620178222656, 316.76751708984375, 309.64874267578125, 301.7201232910156, 294.4520568847656, 287.31207275390625, 280.5797424316406, 273.9309997558594, 266.7750549316406, 260.1464538574219, 254.14210510253906, 248.10484313964844, 242.67791748046875, 235.72877502441406, 230.2769317626953, 223.8760223388672, 218.703125, 213.1029510498047, 207.89279174804688, 202.86973571777344, 197.915771484375, 192.6884307861328, 188.3244171142578, 183.0026397705078, 178.506591796875, 174.03321838378906, 170.08721923828125, 165.63804626464844, 161.4811248779297, 159.16250610351562], "output_4_loss": [1.2031421661376953, 1.1959939002990723, 1.189016342163086, 1.1823066473007202, 1.1759350299835205, 1.170037865638733, 1.164146065711975, 1.158388376235962, 1.1530671119689941, 1.1478568315505981, 1.1430600881576538, 1.1380091905593872, 1.1333286762237549, 1.128737449645996, 1.1247658729553223, 1.1204413175582886, 1.1168382167816162, 1.1125012636184692, 1.1085940599441528, 1.105112075805664, 1.1014177799224854, 1.098161220550537, 1.0950608253479004, 1.0915735960006714, 1.0886082649230957, 1.085512399673462, 1.0825339555740356, 1.0796360969543457, 1.0769386291503906, 1.0742759704589844, 1.0717564821243286, 1.0690139532089233, 1.0664162635803223, 1.0636905431747437, 1.0615806579589844, 1.059019923210144, 1.0568633079528809, 1.054589867591858, 1.0525412559509277, 1.0502499341964722, 1.048162579536438, 1.045660376548767, 1.043701410293579, 1.041953682899475, 1.0393955707550049, 1.0371665954589844, 1.0355651378631592, 1.0331456661224365, 1.0313392877578735, 1.029328465461731, 1.0274969339370728, 1.025445818901062, 1.0233060121536255, 1.0215702056884766, 1.0196506977081299, 1.0177600383758545, 1.0160260200500488, 1.0143440961837769, 1.0123236179351807, 1.0104259252548218], "val_loss": [3867.3956590016683, 3763.3767534764606, 3674.026265360514, 3576.2648423004152, 3482.44750928243, 3395.512623621623, 3302.884422264099, 3223.5290095520018, 3142.076617380778, 3060.781409746806, 2987.609085769653, 2917.971714452108, 2837.026858151754, 2789.043841679891, 2699.7424906921387, 2638.2515426127115, 2566.223873914083, 2512.738552118937, 2451.0104366811115, 2380.2222074635824, 2329.9858634312945, 2290.1342115275065, 2210.007702471415, 2158.1614581298827, 2108.245821469625, 2056.7782118225095, 2003.0593018086752, 1953.76507464091, 1910.6777770233155, 1860.7850059127807, 1814.0583056131998, 1777.9382287979126, 1727.3419052759807, 1691.8425513712566, 1646.9331964619955, 1603.8967041269939, 1571.8492544047037, 1527.0331083424885, 1488.7167888895672, 1457.1437542470296, 1419.198572692871, 1390.7166145960489, 1349.8579198710124, 1317.6582835388183, 1283.9756248982746, 1256.6813197072347, 1226.6823303222657, 1193.8495065053305, 1165.2191247049968, 1133.6990000025432, 1108.6571617253621, 1078.6142207082112, 1058.238492342631, 1028.7300359153749, 1003.9499312591553, 981.4808327865601, 954.6994744555155, 929.7844928614298, 909.1184088770549, 889.1475572522481],