{"aec_only_loss": [0.903534450679417], "full_init_loss": [2052.3358920591477], "learn_rates": [2.0386579949735055e-06], "best_lr": 2.0386579949735055e-06}