{"aec_only_loss": [0.0313701835096429, 0.029739879374000883, 0.001618214110981394, 0.013463825172071403, 0.012201395825382877, 0.029390044909964937, 0.3159416020351333, 0.00417550974335934, 0.04517815207729443, 0.07676823286846128, 0.003902662774973415, 0.0026655849612207856, 0.008695419170184982, 0.04605282599470575, 0.023835755559713234, 0.005299221122994805, 0.019491591345095934, 0.018262742108984906, 0.003713116408086981, 0.40972234206231456], "full_init_loss": [2.6697626902657245, 2.2770208047962495, 3.2225969821458986, 0.6355469498068521, 0.7523819941090961, 0.36291690042188834, 0.41260504598367115, 2.282963691328207, 1.7610835862421437, 1.4754095204227315, 63.10998828119249, 1.2390693574377742, 0.6187084492948696, 0.8178911636948039, 0.8464710408819373, 1.3648690084989028, 1.135353331087496, 0.7124173662654886, 1.3952476067295898, 1.8073702438251662], "learn_rates": [5.02094332680934e-06, 6.144300090069172e-06, 0.000504222939107321, 5.269214693235682e-05, 4.339205580652361e-05, 1.640224483833926e-05, 3.6751125418280258e-06, 0.0009901974100880585, 6.202038105290244e-06, 6.44417199517873e-06, 0.0004454036932084361, 0.0005421615394853674, 5.547405450809673e-05, 6.210507311179994e-06, 3.181713237941575e-05, 0.00044492557192696373, 3.258812485072674e-05, 4.6313754450373616e-05, 0.00047638780104192544, 2.151239721155101e-06], "best_lr": 1.640224483833926e-05}