{"aec_only_loss": [0.002801545431595668, 0.001427061752998244, 0.001655866581747157], "full_init_loss": [2.000991415313568, 1.9991249967026528, 1.9996328975494164], "learn_rates": [0.0005464929026041571, 1.2324604192551275e-05, 0.0004265039420008861]}