{"loss": [82.3050018324896, 14.050477787106058, 8.985860770829683], "output_1_loss": [0.40195053815841675, 0.42636173963546753, 0.38346055150032043], "output_2_loss": [0.48154595494270325, 0.5323355197906494, 0.5121020674705505], "output_3_loss": [0.8420323729515076, 0.6373217701911926, 0.5313316583633423], "output_4_loss": [78.64425659179688, 11.699234962463379, 6.988113880157471], "val_loss": [29.461786586177364, 16.796002868049392, 11.737970078103897], "val_output_1_loss": [0.46204954385757446, 0.41949740052223206, 0.3654666543006897], "val_output_2_loss": [0.5407590866088867, 0.5305187106132507, 0.512688934803009], "val_output_3_loss": [0.7040408253669739, 0.5687103271484375, 0.48910924792289734], "val_output_4_loss": [26.89983558654785, 14.708391189575195, 9.964256286621094]}