{"aec_only_loss": [5.505440678351278, 5.467708832222292, 2.796891276980421], "full_init_loss": [4.688879984797043, 4.857173382553282, 2.68303760312187], "learn_rates": [2.005081530348707e-05, 1.370404435548304e-05, 5.4241037184661774e-05]}