{"aec_only_loss": [2.3426491675579277, 6.79713806997865, 1.4566415216503532], "full_init_loss": [2.2193841224427406, 6.173746674188785, 2.0706563384262187], "learn_rates": [0.00015243792635340035, 5.072102822699725e-06, 0.00013143893008868776]}