{"loss": [70.87028815048667, 7.595573637529943, 4.671994930113564], "output_1_loss": [0.48285484313964844, 0.35536980628967285, 0.24110229313373566], "output_2_loss": [0.49805331230163574, 0.46329161524772644, 0.41457581520080566], "output_3_loss": [0.7055686116218567, 0.46565067768096924, 0.3855914771556854], "output_4_loss": [67.54802703857422, 5.777144908905029, 3.2454400062561035], "val_loss": [17.60093728362256, 8.671548969284215, 5.631888368603998], "val_output_1_loss": [0.4411659836769104, 0.2809750735759735, 0.2258150577545166], "val_output_2_loss": [0.4812428653240204, 0.4384472668170929, 0.40354952216148376], "val_output_3_loss": [0.532987117767334, 0.41180679202079773, 0.3557511866092682], "val_output_4_loss": [15.875218391418457, 7.257913589477539, 4.4076714515686035]}