{"aec_only_loss": [0.006340699211772172, 0.0030991500572599335, 0.0011865643106983225], "full_init_loss": [2.0006391157405408, 2.000207769923407, 1.9985034503625514], "learn_rates": [1.1414978088340194e-06, 1.6293024712464508e-06, 2.6359742579987128e-05]}