{"aec_only_loss": [0.4573730327105115, 0.0027914147759864477, 0.8660324394197717, 0.022661962510563193], "full_init_loss": [3.9590561860996067, 7.198473862580033, 1.7266252404602929, 0.8366120835385488], "learn_rates": [1.947420598907416e-06, 0.0006762581401648625, 2.03322678896383e-06, 6.318625897685977e-05], "best_lr": 6.318625897685977e-05}