{"loss": [1.115117073059082, 1.2987679243087769, 1.5700972080230713, 0.465658038854599, 0.22633591294288635, 0.1771118938922882, 0.1289597749710083, 0.11217954009771347, 0.1324695199728012, 0.1504489779472351, 0.1502072662115097, 0.17050926387310028, 0.3371174931526184, 0.21135403215885162, 0.253246933221817, 0.1849917322397232, 0.09790588170289993, 0.07525699585676193, 0.06816644966602325, 0.05337662249803543, 0.04560311883687973, 0.043934136629104614, 0.05525999516248703, 0.05881064385175705, 0.049206316471099854, 0.0597691535949707, 0.06752914190292358, 0.0676131546497345, 0.06717804074287415, 0.0517558678984642, 0.05469488725066185, 0.04381044581532478, 0.04642421379685402, 0.037740278989076614, 0.02894115261733532, 0.03041759319603443, 0.0287457387894392, 0.030027126893401146, 0.08028886467218399, 0.1233983263373375, 0.2708142101764679, 0.2553107738494873, 0.11458148062229156, 0.06305498629808426, 0.024989936500787735, 0.01969115063548088, 0.0192593801766634, 0.01709284633398056, 0.01660451479256153, 0.01771838776767254], "output_1_loss": [0.0798935666680336, 0.08097659796476364, 0.08738534897565842, 0.023403488099575043, 0.010850484482944012, 0.008031938225030899, 0.0059971557930111885, 0.0048225135542452335, 0.005273023154586554, 0.006479944102466106, 0.007209165953099728, 0.008063534274697304, 0.021674031391739845, 0.011461005546152592, 0.012082882225513458, 0.009075898677110672, 0.004734592046588659, 0.003569802502170205, 0.003157995641231537, 0.0029159251134842634, 0.002350555034354329, 0.0023054752964526415, 0.002493767300620675, 0.0031071784906089306, 0.002879138570278883, 0.0029285771306604147, 0.004333432763814926, 0.004707317799329758, 0.0034103330690413713, 0.003123275702819228, 0.0025529665872454643, 0.002776680514216423, 0.002865330083295703, 0.0025588544085621834, 0.002056035678833723, 0.0017982670105993748, 0.0017053541960194707, 0.0018616423476487398, 0.005077939014881849, 0.012108486145734787, 0.027865799143910408, 0.02569485455751419, 0.009545980021357536, 0.005531400442123413, 0.0023207999765872955, 0.00168851378839463, 0.001467571477405727, 0.0012734681367874146, 0.0011422245297580957, 0.0011410092702135444], "output_2_loss": [0.0120057612657547, 0.01148854847997427, 0.014534078538417816, 0.006204395089298487, 0.004795831628143787, 0.004193916916847229, 0.003598672104999423, 0.0032196203246712685, 0.0031933654099702835, 0.0033623408526182175, 0.003264395520091057, 0.0030761572998017073, 0.005158316344022751, 0.0037573748268187046, 0.0039473846554756165, 0.0036321417428553104, 0.002675148658454418, 0.0021931675728410482, 0.0020817765034735203, 0.002201141556724906, 0.002109710592776537, 0.0018697087652981281, 0.002008782234042883, 0.0020014287438243628, 0.0024128067307174206, 0.002021962543949485, 0.002349392743781209, 0.0023596996907144785, 0.002032714895904064, 0.0018513326067477465, 0.0020817392505705357, 0.0018968485528603196, 0.0017958857351914048, 0.0021996628493070602, 0.0018109333468601108, 0.0017931688344106078, 0.0018247911939397454, 0.001737495418637991, 0.0032856075558811426, 0.004318112973123789, 0.008341364562511444, 0.0063087912276387215, 0.0040002260357141495, 0.0023937062360346317, 0.0018960294546559453, 0.0015479144640266895, 0.0018599536269903183, 0.0015880075516179204, 0.0014991548378020525, 0.0017548023024573922], "output_3_loss": [0.030617451295256615, 0.026001857593655586, 0.027646087110042572, 0.019292419776320457, 0.016386909410357475, 0.015456334687769413, 0.014529488980770111, 0.013886061497032642, 0.013461705297231674, 0.013606024906039238, 0.013479472137987614, 0.012248370796442032, 0.01466837152838707, 0.013367727398872375, 0.01224586833268404, 0.012966858223080635, 0.011430570855736732, 0.009880403988063335, 0.00947558507323265, 0.010576448403298855, 0.010283643379807472, 0.009260423481464386, 0.009497861377894878, 0.00938954297453165, 0.010869566351175308, 0.009094659239053726, 0.00952088087797165, 0.009181837551295757, 0.008138473145663738, 0.008034898899495602, 0.008512062951922417, 0.00805752258747816, 0.0077474163845181465, 0.008622066117823124, 0.00786044355481863, 0.008266221731901169, 0.007664037868380547, 0.007164576090872288, 0.009777914732694626, 0.009211339987814426, 0.011659170500934124, 0.010054473765194416, 0.008068423718214035, 0.00655100354924798, 0.006119428668171167, 0.005928362719714642, 0.006727183703333139, 0.005854385904967785, 0.005539341364055872, 0.006652678828686476], "output_4_loss": [0.9902342557907104, 1.1779464483261108, 1.4381537437438965, 0.41437003016471863, 0.19191010296344757, 0.1470322459936142, 0.1024320125579834, 0.08784381300210953, 0.10812930017709732, 0.12458334863185883, 0.12383107841014862, 0.14469219744205475, 0.2931758165359497, 0.18031705915927887, 0.22251416742801666, 0.15685269236564636, 0.07659619301557541, 0.05714048072695732, 0.050974100828170776, 0.03520098701119423, 0.028372760862112045, 0.028008390218019485, 0.03876480087637901, 0.04181288182735443, 0.030540263280272484, 0.04321484640240669, 0.048810794949531555, 0.048843685537576675, 0.051071569323539734, 0.03621719777584076, 0.0390150211751461, 0.02854217402637005, 0.031474366784095764, 0.0218135304749012, 0.014664247632026672, 0.016008229926228523, 0.014997499994933605, 0.016706909984350204, 0.05958631634712219, 0.09518934041261673, 0.22035150229930878, 0.21062485873699188, 0.09032592177391052, 0.04593440890312195, 0.01200822088867426, 0.007879979908466339, 0.006558528635650873, 0.005730110686272383, 0.0057774875313043594, 0.005524225067347288], "val_loss": [2.8290939331054688, 3.585908889770508, 1.0173826217651367, 0.41041508316993713, 0.2817287743091583, 0.18292227387428284, 0.1449795961380005, 0.1649770736694336, 0.21660327911376953, 0.19574213027954102, 0.34919312596321106, 0.5467144250869751, 0.3611134886741638, 0.29251229763031006, 0.366110235452652, 0.15376883745193481, 0.09490659832954407, 0.11680582910776138, 0.07181655615568161, 0.07163328677415848, 0.05687391385436058, 0.07079503685235977, 0.088163822889328, 0.076897993683815, 0.1056707352399826, 0.09038184583187103, 0.11549428850412369, 0.08986828476190567, 0.0800691619515419, 0.06028059497475624, 0.06074697896838188, 0.06742014735937119, 0.0671788677573204, 0.07822423428297043, 0.0366000197827816, 0.04565264284610748, 0.04464725777506828, 0.10327768325805664, 0.1121458038687706, 0.16260212659835815, 0.45046332478523254, 0.40858519077301025, 0.12645713984966278, 0.04740351065993309, 0.02742207981646061, 0.026409471407532692, 0.024819277226924896, 0.02285889908671379, 0.02676418609917164, 0.023699158802628517], "val_output_1_loss": [0.05473712831735611, 0.20040477812290192, 0.027556583285331726, 0.01573246903717518, 0.00952244084328413, 0.008188576437532902, 0.005733557045459747, 0.005069299601018429, 0.006606973707675934, 0.0059994542971253395, 0.007667085155844688, 0.021048283204436302, 0.013466079719364643, 0.007349570281803608, 0.012708468362689018, 0.004088879097253084, 0.0031640403904020786, 0.004063278902322054, 0.003416250692680478, 0.002646208507940173, 0.0022939741611480713, 0.0033558744471520185, 0.005525914952158928, 0.00269122002646327, 0.002526944736018777, 0.004476387985050678, 0.006315023638308048, 0.0029018118511885405, 0.0031065461225807667, 0.0025855323765426874, 0.003487406065687537, 0.004242955707013607, 0.005955323576927185, 0.003061102470383048, 0.001915828324854374, 0.001905490760691464, 0.0014005094999447465, 0.006062832660973072, 0.0051985206082463264, 0.007708102930337191, 0.013270419090986252, 0.010655570775270462, 0.004364569205790758, 0.003547163214534521, 0.0019552160520106554, 0.0018568842206150293, 0.0016306997276842594, 0.0012905681505799294, 0.0014360881177708507, 0.001722375163808465],