{"full_hist": [{"loss": [306.82086181640625, 62.14276123046875, 29.329721450805664, 17.359634399414062, 10.889566421508789, 7.221728801727295, 5.069625377655029, 3.831784725189209, 3.150519609451294, 2.7108731269836426], "output_1_loss": [0.09873996675014496, 0.2112397700548172, 0.25558745861053467, 0.21281251311302185, 0.16231434047222137, 0.14521047472953796, 0.1398003101348877, 0.12372761219739914, 0.11878794431686401, 0.10814715176820755], "output_2_loss": [0.018965695053339005, 0.03072338178753853, 0.027116617187857628, 0.027453776448965073, 0.02543308213353157, 0.024993907660245895, 0.02417721226811409, 0.0224768053740263, 0.02007623389363289, 0.018608825281262398], "output_3_loss": [1.1052027940750122, 0.8002906441688538, 0.583767294883728, 0.43916234374046326, 0.35449740290641785, 0.2840847373008728, 0.22225801646709442, 0.17892545461654663, 0.1507178544998169, 0.12834744155406952], "output_4_loss": [303.3065185546875, 58.88895034790039, 26.541156768798828, 15.295019149780273, 9.277108192443848, 5.869006156921387, 3.8981571197509766, 2.811246633529663, 2.2272942066192627, 1.879381537437439], "val_loss": [123.80709838867188, 55.06623458862305, 33.87510299682617, 21.108341217041016, 12.901381492614746, 8.431220054626465, 5.6546854972839355, 4.219208240509033, 3.4562034606933594, 3.202009916305542], "val_output_1_loss": [0.1834026426076889, 0.24158011376857758, 0.2502756416797638, 0.18748940527439117, 0.14680325984954834, 0.1524289846420288, 0.12034934759140015, 0.10893053561449051, 0.09837883710861206, 0.11752601712942123], "val_output_2_loss": [0.026811638846993446, 0.02853819727897644, 0.030155861750245094, 0.02922062575817108, 0.029679104685783386, 0.029081836342811584, 0.027265796437859535, 0.024893488734960556, 0.023447949439287186, 0.02290591411292553], "val_output_3_loss": [1.0221080780029297, 0.6645489931106567, 0.5117217898368835, 0.40068337321281433, 0.3332214653491974, 0.2644483149051666, 0.21038682758808136, 0.1745762825012207, 0.1466710865497589, 0.1272079050540924], "val_output_4_loss": [120.32316589355469, 51.996559143066406, 31.482276916503906, 19.300003051757812, 11.424614906311035, 7.1511077880859375, 4.5608229637146, 3.250591516494751, 2.586745023727417, 2.3800206184387207]}, {"loss": [63.02901077270508, 6.896080017089844, 3.465444803237915, 2.535783529281616, 2.1632463932037354, 1.6376060247421265, 1.149132251739502, 1.0487592220306396, 0.8076572418212891, 0.4669719338417053], "output_1_loss": [0.47580990195274353, 0.35886281728744507, 0.19067232310771942, 0.16371548175811768, 0.14874321222305298, 0.1201106384396553, 0.0896005928516388, 0.06946020573377609, 0.06586235761642456, 0.02541215904057026], "output_2_loss": [0.046021945774555206, 0.02812519110739231, 0.017073320224881172, 0.012610310688614845, 0.011459195986390114, 0.010006329976022243, 0.008436390198767185, 0.007625766564160585, 0.00710521824657917, 0.005242042243480682], "output_3_loss": [0.6690001487731934, 0.10934264957904816, 0.053405098617076874, 0.042855773121118546, 0.038312800228595734, 0.03475143387913704, 0.030472582206130028, 0.027640480548143387, 0.02541210874915123, 0.02173197641968727], "output_4_loss": [60.07133483886719, 5.638460636138916, 2.666632652282715, 1.9379719495773315, 1.7099940776824951, 1.304652214050293, 0.9154845476150513, 0.8671793937683105, 0.6381357908248901, 0.3644600808620453], "val_loss": [12.470006942749023, 8.194214820861816, 3.4526422023773193, 2.8404181003570557, 3.1797022819519043, 1.7688064575195312, 1.6225255727767944, 1.9428423643112183, 0.6288317441940308, 0.6875089406967163], "val_output_1_loss": [0.4340245723724365, 0.3090161681175232, 0.16450989246368408, 0.07897819578647614, 0.22777973115444183, 0.14996498823165894, 0.07685751467943192, 0.23654502630233765, 0.021659480407834053, 0.032150160521268845], "val_output_2_loss": [0.04070107638835907, 0.027185382321476936, 0.013614497147500515, 0.012094800360500813, 0.01451408863067627, 0.010532566346228123, 0.00857353676110506, 0.009879251942038536, 0.006537450477480888, 0.006199007388204336], "val_output_3_loss": [0.20066185295581818, 0.07738760858774185, 0.05277904495596886, 0.041589558124542236, 0.047105588018894196, 0.035255804657936096, 0.03045523166656494, 0.0331389494240284, 0.024976219981908798, 0.022020217031240463], "val_output_4_loss": [10.94637393951416, 7.024491786956787, 2.8015053272247314, 2.420069456100464, 2.60871958732605, 1.4335469007492065, 1.4177793264389038, 1.5550657510757446, 0.520290732383728, 0.5729144811630249]}], "aec_hist": [{"loss": [0.029780736193060875, 0.0048662046901881695, 0.0037974591832607985, 0.0033544478937983513, 0.0031021356116980314], "output_1_loss": [0.015102863311767578, 0.0010121604427695274, 0.0005297140451148152, 0.0003499208251014352, 0.0002552182413637638], "output_2_loss": [0.012137760408222675, 0.0013351525412872434, 0.0007705784519203007, 0.000529271608684212, 0.0003935490967705846], "output_3_loss": [0.0, 0.0, 0.0, 0.0, 0.0], "output_4_loss": [0.0, 0.0, 0.0, 0.0, 0.0], "val_loss": [0.006199994590133429, 0.004271980375051498, 0.0036249738186597824, 0.003292907029390335, 0.003078222507610917], "val_output_1_loss": [0.0016465050866827369, 0.0007095878245308995, 0.00044017881737090647, 0.0003150190750602633, 0.00023947023146320134], "val_output_2_loss": [0.0020241776946932077, 0.0010544045362621546, 0.0006987420492805541, 0.0005137657281011343, 0.00039637452573515475], "val_output_3_loss": [0.0, 0.0, 0.0, 0.0, 0.0], "val_output_4_loss": [0.0, 0.0, 0.0, 0.0, 0.0]}, {"loss": [0.009726556949317455, 0.002508721547201276, 0.0023238519206643105, 0.002197650261223316, 0.0020939160604029894], "output_1_loss": [0.0038990990724414587, 4.898812039755285e-05, 2.10003800020786e-05, 1.0588132681732532e-05, 5.8403852563060354e-06], "output_2_loss": [0.003329769941046834, 8.647391950944439e-05, 4.0565184463048354e-05, 2.1986026695230976e-05, 1.2174796211184002e-05], "output_3_loss": [0.0, 0.0, 0.0, 0.0, 0.0], "output_4_loss": [0.0, 0.0, 0.0, 0.0, 0.0], "val_loss": [0.002671156544238329, 0.0024216100573539734, 0.0022649853490293026, 0.0021503835450857878, 0.002050225855782628], "val_output_1_loss": [8.500442345393822e-05, 3.733649282366969e-05, 1.8370359612163156e-05, 1.1429662663431372e-05, 5.1394581532804295e-06], "val_output_2_loss": [0.00015261494263540953, 7.003384234849364e-05, 3.532760092639364e-05, 2.001885513891466e-05, 1.2648358278966043e-05], "val_output_3_loss": [0.0, 0.0, 0.0, 0.0, 0.0], "val_output_4_loss": [0.0, 0.0, 0.0, 0.0, 0.0]}], "lr": [9.424688647067474e-05, 0.0008345405123323512], "best_loss": [3.2043607234954834, 0.6289710998535156], "model_path": ["../model_weights/S1-NLSL1-Expt1-L128-b/model_0", "../model_weights/S1-NLSL1-Expt1-L128-b/model_1"]}