{"aec_only_loss": [0.003234039255659725, 7.20776001994828e-05, 6.377308457567058e-05, 3.941837957538101e-05, 0.0003405789692921127, 7.375343242271443e-05, 0.00032137725359478457, 0.0007181626941537164, 6.292370111614055e-05, 7.642444138786407e-05, 0.0002480122376338975, 0.00023744715752794276, 0.00028432141858339985, 7.568666622569544e-05, 0.00012058539329692886, 4.778726339065232e-05, 0.00026986777756806855, 0.0005154670261871808, 0.0003931063707460842, 0.00015297156847142297], "full_init_loss": [0.07237109966066901, 0.0034579830214903247, 0.09293885685704821, 0.09290597179621678, 0.11010199820536215, 0.09284404231130394, 0.10781206127842598, 0.13410528529764731, 0.09925549130046589, 0.09978681468786937, 0.10372362338055019, 0.0992433937460695, 0.10305515679860063, 0.09476133788276266, 0.0951432580021927, 0.09698610798275142, 0.10494998931378356, 0.11155361988309061, 0.10534152617460953, 0.0933190001075394], "learn_rates": [2.1341963015229775e-06, 0.0001422618244284702, 0.0004367987901487625, 0.0002342217011033767, 3.26407949108729e-06, 0.0003542619233677336, 4.3483356687870195e-06, 1.2975269095630029e-06, 6.240532083805154e-05, 4.352705681466668e-05, 5.079252222677076e-06, 4.0520097945099925e-05, 6.068753614325662e-06, 0.0002247672368578965, 0.00033605906727635624, 0.00012476829149331463, 4.765488577897028e-06, 1.8564081805335655e-06, 3.965080085732537e-06, 0.0007830665891934728], "best_lr": 0.0001422618244284702}