{"aec_only_loss": [0.0036330371258876705, 0.008642209288780237, 0.016422338468664092, 0.0030894533178238317, 0.001020200280597949, 0.004059263937248405, 0.13022597367853736, 0.001516047244331643, 0.0014838334621231491, 0.05471655297964462, 0.013140066467729312, 0.011193782672982067, 0.06488833056373944, 0.04427961506146372, 0.001491677790570808, 0.005874218139671962, 0.05717705916974464, 0.0015777928098721524, 0.006850572263923255, 0.03613252661331961], "full_init_loss": [0.01104349630471207, 0.016690008694675365, 0.02642227525587391, 0.002022530438507565, 0.0012683688966476584, 0.016606902961518597, 0.19433743732825434, 0.0034626086164991324, 0.004823690925042504, 0.08124658316474215, 0.021475197721834052, 0.016429382077818362, 0.09950266821497178, 0.09749548012816411, 0.0013877231646891766, 0.015710515524044233, 0.09874593804888993, 0.002034921893889079, 0.01674680349776272, 0.06819026564098786], "learn_rates": [3.0039936947631773e-05, 2.7766695100735893e-05, 8.970397994719804e-06, 0.0001765321345610911, 0.0003776314029627972, 2.6829573678163283e-05, 2.2833966825091257e-06, 0.0003641442012204853, 7.500956443024945e-05, 1.3843938841002577e-06, 2.475294251215714e-05, 3.761477968786518e-05, 1.2977841376402481e-06, 1.849233512827624e-06, 0.00036453266547522114, 1.073151325387264e-05, 4.657823120143971e-06, 0.00031525506860935536, 2.2737152644643158e-05, 4.2949439843275075e-06], "best_lr": 0.00036453266547522114}