{"aec_only_loss": [1.9080349152507854e-08, 0.0004795013228431344, 1.2791685245853538e-05, 8.188436246806911e-05, 1.715046588894135e-06, 0.0002917261078133985, 8.957300512217141e-05, 1.3331661904203429e-05, 0.00013911258429288864, 1.1123600586415705e-05, 3.2537213125275835e-06, 2.020644463603579e-06, 2.024477059118605e-05, 1.6009442257806465e-06, 4.801405073825056e-06, 1.0754836694104597e-05, 6.283330488561963e-05, 0.0013614549825433642, 9.216855839137375e-06, 1.3290006791066844e-05], "full_init_loss": [0.17974787453810373, 0.25294386843840283, 0.07084536055723827, 0.0681491568684578, 0.6369673411051432, 0.07280859351158142, 0.0739198848605156, 0.08303132901589076, 0.0669398158788681, 0.08361889918645223, 0.09817308684190114, 0.25480908155441284, 1.5498789548873901, 0.3280755778153737, 0.10077869892120361, 0.715674897034963, 2.0381884574890137, 0.07333499441544215, 0.14925121267636618, 0.6189602812131246], "learn_rates": [6.714486944966356e-06, 7.768175032907141e-06, 0.0004367272334040285, 0.0006557951167590116, 1.925363753257126e-06, 0.00016385692988695518, 0.00017052031443481923, 6.99192788534631e-05, 0.0004911071619137987, 6.8509343309511e-05, 1.93583546961366e-05, 4.489360880952784e-06, 1.3456346541345573e-06, 3.839491199894579e-06, 2.116488463344069e-05, 2.439075841135255e-06, 1.1884931059314123e-06, 0.00023057339675593684, 1.1551627414243215e-05, 2.6928440100716506e-06], "best_lr": 0.0006557951167590116}