{"aec_only_loss": [0.0026692269584751723, 0.0007024511872014721, 0.0006297293016703767, 0.0004482423020278059, 0.020742016052070832, 0.04836320273845315, 0.021706807376076914, 0.014336942953427564, 0.01590266791035684, 0.010680581385531749, 0.004401680194167027, 0.00863008117572352, 0.006361636239522891, 0.005359995819419652, 0.013079246159611424, 0.002010307293250717, 0.0008182535635686193, 0.0008737312451078393, 0.02719964931327695, 0.0017258441465912305], "full_init_loss": [0.00409038028991693, 0.010634140444447356, 0.0057015329725146335, 0.007061025848656389, 0.08559859718967631, 0.09298244093732523, 0.04568197593563913, 0.022784160840469997, 0.022563494766456332, 0.016901921372138706, 0.022905799441384794, 0.03801032280304986, 0.01686930237536635, 0.017702767538899926, 0.025025326973205867, 0.022049598706613868, 0.008336679078167977, 0.010581584916467443, 0.062384346487490396, 0.008745091798957832], "learn_rates": [8.102523541314546e-05, 0.0007208376513058569, 0.0007800927976888671, 0.0007095422825853316, 4.673418131205917e-06, 1.803447551940469e-06, 3.003661671118818e-06, 1.409937541197877e-05, 9.870026990615113e-06, 4.5872888264175386e-05, 9.176029884192778e-05, 3.439232398225658e-06, 4.1604098407683095e-05, 2.6363482277285126e-05, 9.85935084704426e-06, 0.0002828529853152034, 0.0006770022545207105, 0.00010734560888601887, 3.897642957794533e-06, 0.00015720413185403204], "best_lr": 8.102523541314546e-05}