{"aec_only_loss": [0.0006778411723346589, 6.817046365811961e-05, 4.4704691510874215e-05, 0.0023069875588985936, 0.001166345023109355, 0.0013207591349267106, 0.0023329525422383646, 0.003510381852355611, 0.0014234099682437643, 0.0005275071611922413, 0.0002600417633723007, 0.0006841903609047703, 0.000689676246488762, 0.0005276393831292175, 0.0006676709869188304, 0.0001939350693695584, 0.0001842643224802339, 0.00016644422811581093, 0.0001034192999109401, 7.52233291482515e-05], "full_init_loss": [0.05087611565742988, 0.003850232076694033, 0.01547936384323311, 0.057860910178883916, 0.029138695040804307, 0.027468976282011077, 0.030556104048133987, 0.03665685565664375, 0.028159311527985995, 0.013621279571703978, 0.0031219033812194953, 0.012706374644742219, 0.016934586334427706, 0.01201995929222571, 0.0173924806783752, 0.02358498442797455, 0.06765835848868727, 0.06715785936820613, 0.07825316408347499, 0.07258469513665909], "learn_rates": [2.1523797672118405e-05, 0.00013840642790586573, 4.432811707741074e-05, 1.8778080147442257e-06, 1.211401291539883e-05, 1.2399019211645834e-05, 3.767231642754143e-06, 3.3181189593153477e-06, 1.8427370236620657e-05, 5.6066721258230266e-05, 0.0001747356917007729, 6.194293092871456e-06, 1.2693618933406034e-05, 3.945344945008216e-05, 0.00022049043954048045, 2.5854379104281428e-05, 0.0008208708199046595, 0.00039506513453708113, 1.2337105695159031e-05, 8.094759027830914e-05], "best_lr": 0.0001747356917007729}